{
    "lr": 1.1597055358903289e-05,
    "heads": 4,
    "key_dim": 32,
    "momentum": 0.6275107664202926,
    "alpha_scale": 1.0995640951673726
}
