{
    "lr": 1.0840743105660947e-05,
    "heads": 8,
    "key_dim": 32,
    "momentum": 0.9198031678256067,
    "alpha_scale": 0.822126191805056
}
